{"my_metric": 9, "_timestamp": 1682533522.2047799, "_runtime": 0.2042839527130127, "_step": 9, "_wandb": {"runtime": 0}}